{
  "怀化,湖南,中国": [
    110.143549,
    27.659483
  ],
  "湖南怀化": [
    110.143549,
    27.659483
  ],
  "怀化": [
    110.143549,
    27.659483
  ]
}